Q102076839,0,
Q102077915,1,
Q102087331,2,
Q102105333,3,
Q102114293,4,
Q102115010,5,
Q102115499,6,
Q102115712,7,
Q102116291,8,
Q102116312,9,
Q102116313,10,
Q102116380,11,
Q102116501,12,
Q102116503,13,
Q102116549,14,
Q102116636,15,
Q102116677,16,
Q102117717,17,
Q102117946,18,
Q102118037,19,
Q102118418,20,
Q102118832,21,
Q102118966,22,
Q102119110,23,
Q102119199,24,
Q102119378,25,
Q102119730,26,
Q102119808,27,
Q102119812,28,
Q102120937,29,
Q102121363,30,
Q102121407,31,
Q102121431,32,
Q102121533,33,
Q102121797,34,
Q102121799,35,
Q102122655,36,
Q102122713,37,
Q102123224,38,
Q102123337,39,
Q102123365,40,
Q102123507,41,
Q102123684,42,
Q102123690,43,
Q102123703,44,
Q102123871,45,
Q102123979,46,
Q102124191,47,
Q102124199,48,
Q102124266,49,
Q102124328,50,
Q102124395,51,
Q102124549,52,
Q102124600,53,
Q102131645,54,
Q102171397,55,
Q102173404,56,
Q102173938,57,
Q102174129,58,
Q102180012,59,
Q102196245,60,
Q102197637,61,
Q102197640,62,
Q102197641,63,
Q102197642,64,
Q102197643,65,
Q102197644,66,
Q102197645,67,
Q102197646,68,
Q102197647,69,
Q102197648,70,
Q102197651,71,
Q102197653,72,
Q102197654,73,
Q102197655,74,
Q102197656,75,
Q102197657,76,
Q102197658,77,
Q102197659,78,
Q102197660,79,
Q102197662,80,
Q102197663,81,
Q102197664,82,
Q102197665,83,
Q102197666,84,
Q102197669,85,
Q102197670,86,
Q102197671,87,
Q102197672,88,
Q102197674,89,
Q102197676,90,
Q102197677,91,
Q102197678,92,
Q102197679,93,
Q102197680,94,
Q102197681,95,
Q102197682,96,
Q102197683,97,
Q102197684,98,
Q102197685,99,
Q102197686,100,
Q102205561,101,
Q102208457,102,
Q102212575,103,
Q102213333,104,
Q102213345,105,
Q102213348,106,
Q102213352,107,
Q102213355,108,
Q102213358,109,
Q102213361,110,
Q102213363,111,
Q102213367,112,
Q102213370,113,
Q102213374,114,
Q102213377,115,
Q102213381,116,
Q102213388,117,
Q102213391,118,
Q102213394,119,
Q102213397,120,
Q102213400,121,
Q102213405,122,
Q102213407,123,
Q102213412,124,
Q102213415,125,
Q102213418,126,
Q102218118,127,
Q102218119,128,
Q102219253,129,
Q102219385,130,
Q102220138,131,
Q102230843,132,
Q102232775,133,
Q102232876,134,
Q102232903,135,
Q102232951,136,
Q102232952,137,
Q102233046,138,
Q102233701,139,
Q102233741,140,
Q102233742,141,
Q102233898,142,
Q102235498,143,
Q102237158,144,
Q102237159,145,
Q102237160,146,
Q102237166,147,
Q102237167,148,
Q102237168,149,
Q102237169,150,
Q102237170,151,
Q102237172,152,
Q102237173,153,
Q102237174,154,
Q102237175,155,
Q102237177,156,
Q102241213,157,
Q102241214,158,
Q102241215,159,
Q102243392,160,
Q102258073,161,
Q102258355,162,
Q102262540,163,
Q102263096,164,
Q102266727,165,
Q102266734,166,
Q102266950,167,
Q102266952,168,
Q102266953,169,
Q102266954,170,
Q102266956,171,
Q102266957,172,
Q102266958,173,
Q102266959,174,
Q102267202,175,
Q102268348,176,
Q102268349,177,
Q102268350,178,
Q102271512,179,
Q102272734,180,
Q102273393,181,
Q102274053,182,
Q102274695,183,
Q102274697,184,
Q102276292,185,
Q102276938,186,
Q102276945,187,
Q102278319,188,
Q102278322,189,
Q102278323,190,
Q102278324,191,
Q102278347,192,
Q102278350,193,
Q102278351,194,
Q102280222,195,
Q102282438,196,
Q102284180,197,
Q102286510,198,
Q102289284,199,
Q102290080,200,
Q102290099,201,
Q102290102,202,
Q102290105,203,
Q102290109,204,
Q102290967,205,
Q102291096,206,
Q102291848,207,
Q102293224,208,
Q102293227,209,
Q102293547,210,
Q102302846,211,
Q102302847,212,
Q102302967,213,
Q102302970,214,
Q102304284,215,
Q102304623,216,
Q102305787,217,
Q102306669,218,
Q102306671,219,
Q102306681,220,
Q102306816,221,
Q102310035,222,
Q102310375,223,
Q102312286,224,
Q102314324,225,
Q102314325,226,
Q102315538,227,
Q102316252,228,
Q102321430,229,
Q102331683,230,
Q102334360,231,
Q102334363,232,
Q102334365,233,
Q102337358,234,
Q102338845,235,
Q102338846,236,
Q102340367,237,
Q102340646,238,
Q102340683,239,
Q102340684,240,
Q102340685,241,
Q102340688,242,
Q102340690,243,
Q102340692,244,
Q102340693,245,
Q102340697,246,
Q102340702,247,
Q102340708,248,
Q102341272,249,
Q102341273,250,
Q102341274,251,
Q102341275,252,
Q102341276,253,
Q102341277,254,
Q102343829,255,
Q102344038,256,
Q102344068,257,
Q102344069,258,
Q102344070,259,
Q102344071,260,
Q102344072,261,
Q102344374,262,
Q102344740,263,
Q102344743,264,
Q102344746,265,
Q102344749,266,
Q102344753,267,
Q102344756,268,
Q102344759,269,
Q102345396,270,
Q102345545,271,
Q102345875,272,
Q102345909,273,
Q102345910,274,
Q102345911,275,
Q102345913,276,
Q102349104,277,
Q102350234,278,
Q102350736,279,
Q102350737,280,
Q102350746,281,
Q102350892,282,
Q102350909,283,
Q102353900,284,
Q102353901,285,
Q102354270,286,
Q102354642,287,
Q102354643,288,
Q102354644,289,
Q102354672,290,
Q102356208,291,
Q102356618,292,
Q102356641,293,
Q102356642,294,
Q102356643,295,
Q102356644,296,
Q102356645,297,
Q102356696,298,
Q102359187,299,
Q102363297,300,
Q102365139,301,
Q102365158,302,
Q102365159,303,
Q102365240,304,
Q102365242,305,
Q102365283,306,
Q102365354,307,
Q102365565,308,
Q102365585,309,
Q102366323,310,
Q102366654,311,
Q102366889,312,
Q102366890,313,
Q102367084,314,
Q102367859,315,
Q102375489,316,
Q102375494,317,
Q102375656,318,
Q102376246,319,
Q102383194,320,
Q102386205,321,
Q102391133,322,
Q102391304,323,
Q102391305,324,
Q102391383,325,
Q102391394,326,
Q102395134,327,
Q102395138,328,
Q102396219,329,
Q102396222,330,
Q102396717,331,
Q102396849,332,
Q102396851,333,
Q102396852,334,
Q102396853,335,
Q102396917,336,
Q102396919,337,
Q102396920,338,
Q102396922,339,
Q102396923,340,
Q102396924,341,
Q102396925,342,
Q102396926,343,
Q102396927,344,
Q102396928,345,
Q102396929,346,
Q102396930,347,
Q102397027,348,
Q102399447,349,
Q102399478,350,
Q102399654,351,
Q102399724,352,
Q102399726,353,
Q102400192,354,
Q102400193,355,
Q102400197,356,
Q102401182,357,
Q102401183,358,
Q102401184,359,
Q102401186,360,
Q102401187,361,
Q102401188,362,
Q102401189,363,
Q102401190,364,
Q102401191,365,
Q102401193,366,
Q102403297,367,
Q102404567,368,
Q102405608,369,
Q102405913,370,
Q102405996,371,
Q102405998,372,
Q102406002,373,
Q102406003,374,
Q102406007,375,
Q102406008,376,
Q102406009,377,
Q102406011,378,
Q102406012,379,
Q102406013,380,
Q102406015,381,
Q102406016,382,
Q102406017,383,
Q102406018,384,
Q102406019,385,
Q102406022,386,
Q102406024,387,
Q102406026,388,
Q102406027,389,
Q102406028,390,
Q102406754,391,
Q102406755,392,
Q102406758,393,
Q102406759,394,
Q102406841,395,
Q102408006,396,
Q102408059,397,
Q102412940,398,
Q102414132,399,
Q102414922,400,
Q102416241,401,
Q102416625,402,
Q102416646,403,
Q102416647,404,
Q102422109,405,
Q102429759,406,
Q102430194,407,
Q102434121,408,
Q102434122,409,
Q102434413,410,
Q102434414,411,
Q102434415,412,
Q102434851,413,
Q102434852,414,
Q102434855,415,
Q102436370,416,
Q102436371,417,
Q102439553,418,
Q102473319,419,
Q102473328,420,
Q102532950,421,
Q102579745,422,
Q102579749,423,
Q102579755,424,
Q102579767,425,
Q102598907,426,
Q102598912,427,
Q102603401,428,
Q102628576,429,
Q102628594,430,
Q102628611,431,
Q102628626,432,
Q102628642,433,
Q102628652,434,
Q102628658,435,
Q102628673,436,
Q102628689,437,
Q102628705,438,
Q102641812,439,
Q102641822,440,
Q102646695,441,
Q102646709,442,
Q102646716,443,
Q102646730,444,
Q102646765,445,
Q102649644,446,
Q102650802,447,
Q102650820,448,
Q102650833,449,
Q102650848,450,
Q102650874,451,
Q102653268,452,
Q102653288,453,
Q102667500,454,
Q102679654,455,
Q102679668,456,
Q102679688,457,
Q102696233,458,
Q102751174,459,
Q102751188,460,
Q102805906,461,
Q102805918,462,
Q102969126,463,
Q1030228,464,
Q10304373,465,
Q10329964,466,
Q104451,467,
Q1048502,468,
Q1057289,469,
Q107441,470,
Q1083950,471,
Q1100660,472,
Q111357,473,
Q11163334,474,
Q11163488,475,
Q115650,476,
Q115664,477,
Q117346,478,
Q1174945,479,
Q1175698,480,
Q12074235,481,
Q12082104,482,
Q12083880,483,
Q12085136,484,
Q12089871,485,
Q12093723,486,
Q12094338,487,
Q12105127,488,
Q12105919,489,
Q12106548,490,
Q12116426,491,
Q12118249,492,
Q12147048,493,
Q12150381,494,
Q12158841,495,
Q12159011,496,
Q12170089,497,
Q122301,498,
Q122392,499,
Q1229601,500,
Q1232476,501,
Q1232555,502,
Q1232565,503,
Q1232736,504,
Q1232856,505,
Q1235148,506,
Q124001,507,
Q12538065,508,
Q1267207,509,
Q1269213,510,
Q1273671,511,
Q12742990,512,
Q12838321,513,
Q1289022,514,
Q129199,515,
Q13027999,516,
Q13033625,517,
Q1322048,518,
Q1324450,519,
Q1329182,520,
Q133267,521,
Q1341219,522,
Q13419658,523,
Q13522569,524,
Q1354652,525,
Q13560028,526,
Q1356831,527,
Q1384632,528,
Q1384951,529,
Q1384963,530,
Q1384966,531,
Q1385427,532,
Q1385596,533,
Q1385805,534,
Q1386138,535,
Q1386199,536,
Q1396305,537,
Q1396841,538,
Q1399503,539,
Q1418239,540,
Q1425084,541,
Q14475927,542,
Q14475936,543,
Q1453353,544,
Q1458824,545,
Q14641696,546,
Q1474960,547,
Q14919788,548,
Q14946428,549,
Q1500300,550,
Q15061236,551,
Q15063220,552,
Q15063963,553,
Q15064880,554,
Q15065159,555,
Q15065651,556,
Q15066459,557,
Q15066595,558,
Q15067101,559,
Q15067128,560,
Q15068264,561,
Q15069149,562,
Q15069401,563,
Q15070844,564,
Q15071471,565,
Q15074987,566,
Q15075248,567,
Q15077153,568,
Q15077651,569,
Q15078974,570,
Q15088657,571,
Q1509195,572,
Q15135432,573,
Q15148535,574,
Q15210129,575,
Q1532174,576,
Q153224,577,
Q15401870,578,
Q15428901,579,
Q15430455,580,
Q15432464,581,
Q15433102,582,
Q15434717,583,
Q154356,584,
Q15445751,585,
Q15453860,586,
Q15455126,587,
Q15455168,588,
Q15455484,589,
Q15455576,590,
Q15455589,591,
Q15455591,592,
Q15455686,593,
Q15455692,594,
Q15455699,595,
Q15455703,596,
Q15455707,597,
Q15455711,598,
Q15455722,599,
Q15531128,600,
Q155381,601,
Q1554689,602,
Q155759,603,
Q1565305,604,
Q157642,605,
Q15782309,606,
Q15782311,607,
Q15811644,608,
Q15816056,609,
Q15821345,610,
Q15825653,611,
Q15836854,612,
Q15841536,613,
Q158465,614,
Q1584750,615,
Q15854918,616,
Q15953481,617,
Q15987248,618,
Q15995408,619,
Q16030368,620,
Q16054696,621,
Q16062135,622,
Q1617489,623,
Q161846,624,
Q16186840,625,
Q16216197,626,
Q16271833,627,
Q16273559,628,
Q162769,629,
Q162824,630,
Q16319026,631,
Q16335587,632,
Q16351713,633,
Q16364615,634,
Q16370842,635,
Q16373008,636,
Q16398298,637,
Q16405296,638,
Q16406575,639,
Q16407501,640,
Q16432985,641,
Q16477157,642,
Q16486440,643,
Q16514915,644,
Q16514923,645,
Q16514932,646,
Q16514946,647,
Q16514950,648,
Q16514998,649,
Q16563889,650,
Q1656756,651,
Q1657682,652,
Q1657690,653,
Q16627148,654,
Q16628503,655,
Q16636873,656,
Q16654754,657,
Q16670890,658,
Q1667121,659,
Q16698998,660,
Q16720134,661,
Q16723144,662,
Q1675618,663,
Q1676013,664,
Q167958,665,
Q167997,666,
Q16913579,667,
Q16939794,668,
Q16942884,669,
Q1697784,670,
Q16990163,671,
Q1699677,672,
Q1702987,673,
Q17043472,674,
Q1711717,675,
Q1713916,676,
Q1721842,677,
Q17248345,678,
Q17318952,679,
Q17386353,680,
Q17489542,681,
Q17615512,682,
Q17617255,683,
Q17617572,684,
Q17617584,685,
Q176176,686,
Q17619571,687,
Q17648583,688,
Q17648590,689,
Q176659,690,
Q17675614,691,
Q1771504,692,
Q1796816,693,
Q1799644,694,
Q180217,695,
Q18166598,696,
Q181710,697,
Q1819412,698,
Q18228251,699,
Q183279,700,
Q18330799,701,
Q184337,702,
Q184535,703,
Q18516066,704,
Q18518712,705,
Q18558636,706,
Q18559579,707,
Q18599348,708,
Q18600794,709,
Q18622872,710,
Q18644007,711,
Q18694546,712,
Q18698402,713,
Q18705019,714,
Q18740561,715,
Q18740717,716,
Q18786021,717,
Q18786027,718,
Q18786192,719,
Q18786219,720,
Q18958956,721,
Q1900139,722,
Q19297309,723,
Q1930229,724,
Q1930300,725,
Q1930306,726,
Q1932500,727,
Q1932828,728,
Q1933628,729,
Q19502056,730,
Q19502428,731,
Q19513535,732,
Q19513859,733,
Q195922,734,
Q1960532,735,
Q19614385,736,
Q1961494,737,
Q1965150,738,
Q19665878,739,
Q1972086,740,
Q1973460,741,
Q1985571,742,
Q19876444,743,
Q1990696,744,
Q19909279,745,
Q1991041,746,
Q1992801,747,
Q19948561,748,
Q20021035,749,
Q20054230,750,
Q2008444,751,
Q201472,752,
Q201513,753,
Q2019237,754,
Q2031915,755,
Q2036824,756,
Q2038350,757,
Q20430,758,
Q2046788,759,
Q20483198,760,
Q20512442,761,
Q205981,762,
Q2059862,763,
Q206012,764,
Q2064571,765,
Q2065003,766,
Q20650933,767,
Q20670431,768,
Q2068021,769,
Q20739510,770,
Q2074389,771,
Q207534,772,
Q2079434,773,
Q20971297,774,
Q2097758,775,
Q20982631,776,
Q21007429,777,
Q21055959,778,
Q21074664,779,
Q21088360,780,
Q21088637,781,
Q21092009,782,
Q21093992,783,
Q21096533,784,
Q21099263,785,
Q21133577,786,
Q21146572,787,
Q21152579,788,
Q21153874,789,
Q211642,790,
Q214549,791,
Q214567,792,
Q21499688,793,
Q21517543,794,
Q21531568,795,
Q2156320,796,
Q21564059,797,
Q21638818,798,
Q21644165,799,
Q21645733,800,
Q2166348,801,
Q21694206,802,
Q21694210,803,
Q21751318,804,
Q217771,805,
Q22133523,806,
Q22328352,807,
Q224551,808,
Q22482399,809,
Q226072,810,
Q2271209,811,
Q227897,812,
Q2291055,813,
Q23011492,814,
Q23048268,815,
Q23048274,816,
Q23048512,817,
Q23048566,818,
Q23055399,819,
Q23055407,820,
Q23062006,821,
Q23072478,822,
Q23072504,823,
Q23072507,824,
Q23087474,825,
Q2309330,826,
Q23197269,827,
Q23308569,828,
Q23308580,829,
Q2336653,830,
Q23370710,831,
Q23371111,832,
Q23371371,833,
Q23371742,834,
Q23397669,835,
Q23449308,836,
Q23645127,837,
Q23645136,838,
Q23645153,839,
Q23652673,840,
Q23652715,841,
Q23652725,842,
Q23655260,843,
Q23655951,844,
Q23656701,845,
Q23667511,846,
Q2368424,847,
Q2371787,848,
Q2371791,849,
Q2378087,850,
Q2378112,851,
Q23816386,852,
Q23893862,853,
Q23901509,854,
Q2390389,855,
Q23907775,856,
Q2394247,857,
Q24025536,858,
Q2430851,859,
Q24351053,860,
Q24352140,861,
Q24352829,862,
Q24463241,863,
Q24469781,864,
Q2450566,865,
Q245335,866,
Q2464214,867,
Q24642587,868,
Q246497,869,
Q246773,870,
Q2471305,871,
Q24843162,872,
Q24924630,873,
Q24938138,874,
Q2511067,875,
Q25252732,876,
Q25396281,877,
Q25396295,878,
Q2542094,879,
Q25437817,880,
Q2564806,881,
Q256481,882,
Q2570007,883,
Q2570046,884,
Q2570080,885,
Q2572846,886,
Q2585814,887,
Q2586584,888,
Q2587134,889,
Q2587230,890,
Q2587389,891,
Q2599504,892,
Q25999578,893,
Q2601950,894,
Q2603369,895,
Q2603495,896,
Q2604093,897,
Q2604125,898,
Q2622956,899,
Q2623089,900,
Q2624201,901,
Q26243811,902,
Q26295712,903,
Q2638692,904,
Q2641678,905,
Q2642557,906,
Q2643931,907,
Q2643985,908,
Q2644032,909,
Q26700523,910,
Q26769547,911,
Q26776798,912,
Q26776859,913,
Q268869,914,
Q2697996,915,
Q271956,916,
Q275659,917,
Q27863607,918,
Q28086612,919,
Q282545,920,
Q28354928,921,
Q28355080,922,
Q28359975,923,
Q28500497,924,
Q28595284,925,
Q286375,926,
Q2874512,927,
Q28842694,928,
Q289674,929,
Q289727,930,
Q2898146,931,
Q29359175,932,
Q29359560,933,
Q29368495,934,
Q29368505,935,
Q2996992,936,
Q30016634,937,
Q30069808,938,
Q30155820,939,
Q302434,940,
Q302590,941,
Q30346362,942,
Q3051298,943,
Q30557498,944,
Q3061575,945,
Q30879532,946,
Q310788,947,
Q311019,948,
Q313454,949,
Q315414,950,
Q315425,951,
Q318067,952,
Q321515,953,
Q321952,954,
Q323337,955,
Q323442,956,
Q32362161,957,
Q32399,958,
Q324083,959,
Q324680,960,
Q325696,961,
Q325705,962,
Q3294206,963,
Q3300234,964,
Q330511,965,
Q330631,966,
Q331067,967,
Q331089,968,
Q3311473,969,
Q333948,970,
Q333975,971,
Q334054,972,
Q3341599,973,
Q3388872,974,
Q339333,975,
Q34045627,976,
Q3408482,977,
Q34458,978,
Q353451,979,
Q355892,980,
Q356003,981,
Q3561844,982,
Q358257,983,
Q363560,984,
Q3653092,985,
Q366471,986,
Q369561,987,
Q369588,988,
Q369662,989,
Q369792,990,
Q3701311,991,
Q370151,992,
Q370530,993,
Q3709978,994,
Q3710025,995,
Q3710034,996,
Q3710038,997,
Q3710041,998,
Q3710046,999,
Q3710055,1000,
Q3710061,1001,
Q3710067,1002,
Q3710069,1003,
Q3710555,1004,
Q3710704,1005,
Q372026,1006,
Q372097,1007,
Q3737203,1008,
Q374024,1009,
Q3741085,1010,
Q374205,1011,
Q376679,1012,
Q3790644,1013,
Q380243,1014,
Q38046389,1015,
Q38123827,1016,
Q381315,1017,
Q381317,1018,
Q381349,1019,
Q381357,1020,
Q381592,1021,
Q381994,1022,
Q383045,1023,
Q385207,1024,
Q386231,1025,
Q38692969,1026,
Q391153,1027,
Q3915730,1028,
Q39389496,1029,
Q39390976,1030,
Q40418,1031,
Q4054427,1032,
Q4054946,1033,
Q4055079,1034,
Q4055519,1035,
Q4056565,1036,
Q4057382,1037,
Q4058205,1038,
Q4058836,1039,
Q4061617,1040,
Q4061637,1041,
Q4061706,1042,
Q4065502,1043,
Q4066092,1044,
Q4068462,1045,
Q4070079,1046,
Q4070126,1047,
Q4071141,1048,
Q4073223,1049,
Q4074141,1050,
Q4074278,1051,
Q4079012,1052,
Q4079806,1053,
Q4079811,1054,
Q4080213,1055,
Q4081386,1056,
Q4081864,1057,
Q4082923,1058,
Q4084115,1059,
Q4084403,1060,
Q4085030,1061,
Q4086698,1062,
Q4087046,1063,
Q4088920,1064,
Q4089273,1065,
Q4093138,1066,
Q4094322,1067,
Q4095762,1068,
Q4097133,1069,
Q4097815,1070,
Q4098929,1071,
Q4099620,1072,
Q4100109,1073,
Q4101531,1074,
Q4102104,1075,
Q4104490,1076,
Q4104702,1077,
Q4105018,1078,
Q4105771,1079,
Q4107247,1080,
Q4110256,1081,
Q4111298,1082,
Q4112169,1083,
Q4113453,1084,
Q4114278,1085,
Q41201559,1086,
Q4123022,1087,
Q4123491,1088,
Q41239,1089,
Q4124780,1090,
Q4125199,1091,
Q4125281,1092,
Q4128771,1093,
Q4130919,1094,
Q4131508,1095,
Q4132895,1096,
Q4133374,1097,
Q4134678,1098,
Q4137362,1099,
Q4137485,1100,
Q4137488,1101,
Q4138947,1102,
Q4139049,1103,
Q4139599,1104,
Q4139660,1105,
Q4141818,1106,
Q4142646,1107,
Q4143171,1108,
Q4143497,1109,
Q4146359,1110,
Q4148244,1111,
Q4149226,1112,
Q4151554,1113,
Q4152538,1114,
Q4152755,1115,
Q4153600,1116,
Q4154820,1117,
Q4156564,1118,
Q4156812,1119,
Q4156822,1120,
Q4157027,1121,
Q4157233,1122,
Q41573736,1123,
Q4157494,1124,
Q41585,1125,
Q4160507,1126,
Q4160609,1127,
Q4160939,1128,
Q4162758,1129,
Q4166843,1130,
Q4171504,1131,
Q4171622,1132,
Q4172580,1133,
Q4173502,1134,
Q4175422,1135,
Q4176448,1136,
Q4176466,1137,
Q4176863,1138,
Q4177001,1139,
Q4178364,1140,
Q4178584,1141,
Q4181785,1142,
Q4182313,1143,
Q4182735,1144,
Q4185893,1145,
Q4186051,1146,
Q4188845,1147,
Q4190178,1148,
Q4190540,1149,
Q4193985,1150,
Q4194358,1151,
Q419464,1152,
Q4195863,1153,
Q4196152,1154,
Q4196325,1155,
Q4196973,1156,
Q4196998,1157,
Q4197843,1158,
Q4199539,1159,
Q4199550,1160,
Q4199995,1161,
Q4200050,1162,
Q4200448,1163,
Q4201267,1164,
Q4202950,1165,
Q4203866,1166,
Q4205653,1167,
Q4206485,1168,
Q4217837,1169,
Q4218102,1170,
Q4221048,1171,
Q4222035,1172,
Q4224512,1173,
Q4225426,1174,
Q4226696,1175,
Q4226722,1176,
Q42295516,1177,
Q4230590,1178,
Q4230979,1179,
Q4233302,1180,
Q4233460,1181,
Q4233543,1182,
Q4233612,1183,
Q4233854,1184,
Q4233885,1185,
Q4235292,1186,
Q4235704,1187,
Q4235955,1188,
Q4237116,1189,
Q4237354,1190,
Q4238318,1191,
Q4239170,1192,
Q4239782,1193,
Q4240018,1194,
Q4242061,1195,
Q4242237,1196,
Q4243244,1197,
Q4244599,1198,
Q4244814,1199,
Q4245028,1200,
Q4246098,1201,
Q4246269,1202,
Q4247528,1203,
Q4248286,1204,
Q4248766,1205,
Q4250272,1206,
Q4252221,1207,
Q4255064,1208,
Q4255382,1209,
Q4255392,1210,
Q4256809,1211,
Q4259002,1212,
Q4260365,1213,
Q4261209,1214,
Q4261240,1215,
Q4261345,1216,
Q4263554,1217,
Q4264086,1218,
Q4272865,1219,
Q4274629,1220,
Q4274799,1221,
Q4275346,1222,
Q4276398,1223,
Q4276546,1224,
Q4278007,1225,
Q4281277,1226,
Q4282001,1227,
Q4282268,1228,
Q4284558,1229,
Q4284972,1230,
Q4290849,1231,
Q4293073,1232,
Q4293507,1233,
Q4293571,1234,
Q4295618,1235,
Q4295659,1236,
Q4297229,1237,
Q4297870,1238,
Q4298015,1239,
Q4298549,1240,
Q4298704,1241,
Q4299718,1242,
Q4299734,1243,
Q4301104,1244,
Q4301582,1245,
Q4302568,1246,
Q4302987,1247,
Q4309708,1248,
Q4312962,1249,
Q4314155,1250,
Q4316420,1251,
Q4316559,1252,
Q4316594,1253,
Q4317284,1254,
Q4318207,1255,
Q4320003,1256,
Q432606,1257,
Q4330048,1258,
Q4330848,1259,
Q4331870,1260,
Q43323,1261,
Q4334481,1262,
Q4336591,1263,
Q4339498,1264,
Q4340519,1265,
Q4341471,1266,
Q4341784,1267,
Q434266,1268,
Q4342874,1269,
Q4344067,1270,
Q4350109,1271,
Q4351647,1272,
Q4351772,1273,
Q4356970,1274,
Q4360273,1275,
Q4360637,1276,
Q4360735,1277,
Q4360748,1278,
Q4360826,1279,
Q4361799,1280,
Q4362913,1281,
Q4363846,1282,
Q4368900,1283,
Q4369874,1284,
Q4370869,1285,
Q4371319,1286,
Q4371957,1287,
Q4372361,1288,
Q4374127,1289,
Q4374163,1290,
Q4390657,1291,
Q4391279,1292,
Q4391414,1293,
Q4393678,1294,
Q4394099,1295,
Q4396645,1296,
Q4397179,1297,
Q4398387,1298,
Q4399297,1299,
Q4400039,1300,
Q4400066,1301,
Q4401617,1302,
Q4402170,1303,
Q4402308,1304,
Q4403509,1305,
Q4405037,1306,
Q440717,1307,
Q4410618,1308,
Q4411949,1309,
Q4415778,1310,
Q4416796,1311,
Q4418265,1312,
Q4418558,1313,
Q4418823,1314,
Q4421550,1315,
Q4422281,1316,
Q4422611,1317,
Q4424004,1318,
Q4424724,1319,
Q4427991,1320,
Q4428013,1321,
Q4428483,1322,
Q4428488,1323,
Q4428712,1324,
Q4430085,1325,
Q4438818,1326,
Q4443437,1327,
Q4444235,1328,
Q4444951,1329,
Q4444966,1330,
Q4444972,1331,
Q4445150,1332,
Q4445698,1333,
Q44481,1334,
Q4449880,1335,
Q4449881,1336,
Q4450982,1337,
Q4452398,1338,
Q4455391,1339,
Q4460816,1340,
Q4462410,1341,
Q4462790,1342,
Q4464540,1343,
Q4464981,1344,
Q4466506,1345,
Q4467151,1346,
Q4467645,1347,
Q447071,1348,
Q4475051,1349,
Q4475074,1350,
Q4482080,1351,
Q4482513,1352,
Q4491256,1353,
Q4491621,1354,
Q4492853,1355,
Q4493568,1356,
Q4493951,1357,
Q4493968,1358,
Q4495052,1359,
Q4495152,1360,
Q449538,1361,
Q4498599,1362,
Q4498609,1363,
Q4500221,1364,
Q4501446,1365,
Q450269,1366,
Q450297,1367,
Q4505882,1368,
Q450643,1369,
Q4508106,1370,
Q450840,1371,
Q450864,1372,
Q45113,1373,
Q451163,1374,
Q4511802,1375,
Q451319,1376,
Q451330,1377,
Q4514946,1378,
Q4515196,1379,
Q451652,1380,
Q451716,1381,
Q451733,1382,
Q4517362,1383,
Q451757,1384,
Q4518783,1385,
Q4519091,1386,
Q4519313,1387,
Q4520001,1388,
Q4520761,1389,
Q4521057,1390,
Q4521673,1391,
Q4522050,1392,
Q452273,1393,
Q4522786,1394,
Q4523291,1395,
Q4523297,1396,
Q4524490,1397,
Q4524841,1398,
Q4524893,1399,
Q4525950,1400,
Q4526157,1401,
Q4526255,1402,
Q4527715,1403,
Q4527913,1404,
Q45305,1405,
Q4531891,1406,
Q4533860,1407,
Q4534380,1408,
Q4536332,1409,
Q4537140,1410,
Q4538037,1411,
Q4538090,1412,
Q454459,1413,
Q454925,1414,
Q457430,1415,
Q457680,1416,
Q461347,1417,
Q468614,1418,
Q470539,1419,
Q4710874,1420,
Q4711067,1421,
Q471369,1422,
Q4718250,1423,
Q4719317,1424,
Q4719673,1425,
Q4719764,1426,
Q4720099,1427,
Q472092,1428,
Q4721259,1429,
Q4752149,1430,
Q4752219,1431,
Q4805878,1432,
Q4806650,1433,
Q487453,1434,
Q487495,1435,
Q487620,1436,
Q487735,1437,
Q487778,1438,
Q487923,1439,
Q487976,1440,
Q488003,1441,
Q4945319,1442,
Q500281,1443,
Q501707,1444,
Q501904,1445,
Q502771,1446,
Q50380534,1447,
Q504286,1448,
Q508156,1449,
Q52015163,1450,
Q522359,1451,
Q5273594,1452,
Q5277134,1453,
Q528493,1454,
Q5285648,1455,
Q536339,1456,
Q53848600,1457,
Q53861721,1458,
Q53914996,1459,
Q53923719,1460,
Q5396005,1461,
Q53973613,1462,
Q53977158,1463,
Q54007455,1464,
Q54086508,1465,
Q540981,1466,
Q54141962,1467,
Q54197340,1468,
Q5441115,1469,
Q54494576,1470,
Q547136,1471,
Q54878610,1472,
Q54935618,1473,
Q5503589,1474,
Q55104689,1475,
Q55108436,1476,
Q55264828,1477,
Q552691,1478,
Q553176,1479,
Q553209,1480,
Q554661,1481,
Q556346,1482,
Q55813744,1483,
Q559188,1484,
Q560901,1485,
Q56090451,1486,
Q56090483,1487,
Q56096257,1488,
Q56186777,1489,
Q56226056,1490,
Q56308813,1491,
Q5650702,1492,
Q56651811,1493,
Q56812165,1494,
Q570859,1495,
Q57103,1496,
Q57145,1497,
Q57228,1498,
Q57245,1499,
Q573921,1500,
Q5740028,1501,
Q574605,1502,
Q574620,1503,
Q57554,1504,
Q57585098,1505,
Q579810,1506,
Q57992,1507,
Q58720,1508,
Q58750,1509,
Q58978,1510,
Q592518,1511,
Q59304324,1512,
Q598173,1513,
Q60052,1514,
Q60826728,1515,
Q60828620,1516,
Q60831168,1517,
Q6097897,1518,
Q61046,1519,
Q61137048,1520,
Q61223,1521,
Q61224,1522,
Q61650424,1523,
Q61758,1524,
Q61813,1525,
Q619900,1526,
Q620823,1527,
Q62272924,1528,
Q62713975,1529,
Q6290799,1530,
Q63226220,1531,
Q6374090,1532,
Q63847124,1533,
Q63981550,1534,
Q63981572,1535,
Q64027170,1536,
Q64383,1537,
Q644051,1538,
Q64590556,1539,
Q64975,1540,
Q65031716,1541,
Q65124490,1542,
Q65196,1543,
Q656642,1544,
Q65966713,1545,
Q66011519,1546,
Q66332,1547,
Q6656247,1548,
Q667683,1549,
Q6684276,1550,
Q669576,1551,
Q67131,1552,
Q672122,1553,
Q6832360,1554,
Q6849563,1555,
Q6849691,1556,
Q6849714,1557,
Q68519,1558,
Q68525,1559,
Q68527,1560,
Q68531,1561,
Q68553,1562,
Q689486,1563,
Q689611,1564,
Q695002,1565,
Q6959579,1566,
Q7035781,1567,
Q707119,1568,
Q707137,1569,
Q70818,1570,
Q7085,1571,
Q70905,1572,
Q709214,1573,
Q710920,1574,
Q710985,1575,
Q71296,1576,
Q714286,1577,
Q7155704,1578,
Q716017,1579,
Q718045,1580,
Q71855,1581,
Q72104,1582,
Q7223467,1583,
Q723638,1584,
Q726403,1585,
Q726706,1586,
Q726827,1587,
Q72979,1588,
Q731283,1589,
Q73461,1590,
Q7346802,1591,
Q735535,1592,
Q7413044,1593,
Q7449212,1594,
Q7453551,1595,
Q7453591,1596,
Q7453973,1597,
Q7502335,1598,
Q7518846,1599,
Q7604,1600,
Q76410,1601,
Q76510,1602,
Q76641,1603,
Q77078,1604,
Q77137,1605,
Q77361,1606,
Q775113,1607,
Q78041,1608,
Q78421,1609,
Q7910727,1610,
Q7920811,1611,
Q7924421,1612,
Q7924430,1613,
Q7925942,1614,
Q7926225,1615,
Q7938582,1616,
Q7939149,1617,
Q7940604,1618,
Q7975652,1619,
Q8061650,1620,
Q809076,1621,
Q836646,1622,
Q84227,1623,
Q84492940,1624,
Q84719798,1625,
Q84773,1626,
Q85404,1627,
Q862198,1628,
Q86374,1629,
Q8814,1630,
Q893601,1631,
Q893614,1632,
Q893667,1633,
Q893715,1634,
Q893728,1635,
Q893737,1636,
Q893804,1637,
Q89423552,1638,
Q89442,1639,
Q907171,1640,
Q909150,1641,
Q915301,1642,
Q91570,1643,
Q919074,1644,
Q924443,1645,
Q925405,1646,
Q926756,1647,
Q927125,1648,
Q92966,1649,
Q92968,1650,
Q929950,1651,
Q92998,1652,
Q93019,1653,
Q93031,1654,
Q931398,1655,
Q934314,1656,
Q935280,1657,
Q935366,1658,
Q93593591,1659,
Q943007,1660,
Q950211,1661,
Q95080696,1662,
Q950880,1663,
Q950897,1664,
Q950931,1665,
Q951222,1666,
Q951276,1667,
Q951370,1668,
Q951438,1669,
Q958015,1670,
Q959719,1671,
Q97007480,1672,
Q974437,1673,
Q97999885,1674,
Q982580,1675,
Q983316,1676,
Q983365,1677,
Q983367,1678,
Q983399,1679,
Q984527,1680,
Q99669030,1681,
Q99793,1682,
Q49738,1683,
Q451079,1684,
Q15646111,1685,
Q139020,1686,
Q43565,1687,
Q123885,1688,
Q46703,1689,
Q6101699,1690,
Q6400713,1691,
Q30972277,1692,
Q83172,1693,
Q337234,1694,
Q465654,1695,
Q86679517,1696,
Q467040,1697,
Q117467,1698,
Q1282089,1699,
Q1692699,1700,
Q1786992,1701,
Q1810244,1702,
Q1949336,1703,
Q2107174,1704,
Q414110,1705,
Q2991053,1706,
Q812155,1707,
Q463303,1708,
Q5401601,1709,
Q6020928,1710,
Q6706991,1711,
Q2629714,1712,
Q129207,1713,
Q188771,1714,
Q191583,1715,
Q209184,1716,
Q253439,1717,
Q466089,1718,
Q543804,1719,
Q265058,1720,
Q270794,1721,
Q607496,1722,
Q651690,1723,
Q299015,1724,
Q740370,1725,
Q753299,1726,
Q329464,1727,
Q338432,1728,
Q1665167,1729,
Q2222371,1730,
Q414188,1731,
Q530471,1732,
Q538954,1733,
Q4397936,1734,
Q13028698,1735,
Q684415,1736,
Q833738,1737,
Q901677,1738,
Q938622,1739,
Q958769,1740,
Q1003730,1741,
Q1132636,1742,
Q1338761,1743,
Q1423356,1744,
Q1493021,1745,
Q1534138,1746,
Q1615464,1747,
Q1636237,1748,
Q1683229,1749,
Q1713320,1750,
Q1865003,1751,
Q2370801,1752,
Q2379496,1753,
Q2822280,1754,
Q2822396,1755,
Q3603946,1756,
Q4059243,1757,
Q4288145,1758,
Q4345832,1759,
Q4397941,1760,
Q4671532,1761